[
  {
    "id": "0",
    "name": "अन्य"
  },
  {
    "id": "1",
    "name": "अफगानिस्तान"
  },
  {
    "id": "2",
    "name": "आल्याण्ड टापुहरू"
  },
  {
    "id": "3",
    "name": "अल्बानिया"
  },
  {
    "id": "4",
    "name": "अल्जेरिया"
  },
  {
    "id": "5",
    "name": "अमेरिकी सामोआ"
  },
  {
    "id": "6",
    "name": "एन्डोरा"
  },
  {
    "id": "7",
    "name": "अंगोला"
  },
  {
    "id": "8",
    "name": "एंगुइला"
  },
  {
    "id": "9",
    "name": "अन्टार्कटिका"
  },
  {
    "id": "10",
    "name": "एन्टिगुवा र बारबुडा"
  },
  {
    "id": "11",
    "name": "अर्जेन्टिना"
  },
  {
    "id": "12",
    "name": "आर्मेनिया"
  },
  {
    "id": "13",
    "name": "अरुबा"
  },
  {
    "id": "14",
    "name": "अस्ट्रेलिया"
  },
  {
    "id": "15",
    "name": "अस्ट्रिया"
  },
  {
    "id": "16",
    "name": "अजरबैजान"
  },
  {
    "id": "17",
    "name": "बहामास"
  },
  {
    "id": "18",
    "name": "बहराइन"
  },
  {
    "id": "19",
    "name": "बंगलादेश"
  },
  {
    "id": "20",
    "name": "बार्बाडोस"
  },
  {
    "id": "21",
    "name": "बेलारुस"
  },
  {
    "id": "22",
    "name": "बेल्जियम"
  },
  {
    "id": "23",
    "name": "बेलीज"
  },
  {
    "id": "24",
    "name": "बेनिन"
  },
  {
    "id": "25",
    "name": "बर्मुडा"
  },
  {
    "id": "26",
    "name": "भुटान"
  },
  {
    "id": "27",
    "name": "बोलिभिया"
  },
  {
    "id": "28",
    "name": "बोस्निया र हेर्जेगोभिना"
  },
  {
    "id": "29",
    "name": "बोत्सवाना"
  },
  {
    "id": "30",
    "name": "बोभेट द्वीप"
  },
  {
    "id": "31",
    "name": "ब्राजिल"
  },
  {
    "id": "32",
    "name": "ब्रिटिश हिन्द महासागर क्षेत्र"
  },
  {
    "id": "33",
    "name": "ब्रुनाई दारुसलाम"
  },
  {
    "id": "34",
    "name": "बुल्गेरिया"
  },
  {
    "id": "35",
    "name": "बुर्किना फासो"
  },
  {
    "id": "36",
    "name": "बुरुन्डी"
  },
  {
    "id": "37",
    "name": "कम्बोडिया"
  },
  {
    "id": "38",
    "name": "क्यामरुन"
  },
  {
    "id": "39",
    "name": "क्यानडा"
  },
  {
    "id": "40",
    "name": "केप भर्डे"
  },
  {
    "id": "41",
    "name": "केम्यान टापुहरू"
  },
  {
    "id": "42",
    "name": "मध्य अफ्रिकी गणतन्त्र"
  },
  {
    "id": "43",
    "name": "चाड"
  },
  {
    "id": "44",
    "name": "चिली"
  },
  {
    "id": "45",
    "name": "चीन"
  },
  {
    "id": "46",
    "name": "क्रिसमस आइल्याण्ड"
  },
  {
    "id": "47",
    "name": "कोकोस (कीलिंग) टापुहरू"
  },
  {
    "id": "48",
    "name": "कोलम्बिया"
  },
  {
    "id": "49",
    "name": "कोमोरोस"
  },
  {
    "id": "50",
    "name": "कंगो"
  },
  {
    "id": "51",
    "name": "कंगो, प्रजातान्त्रिक गणतन्त्र"
  },
  {
    "id": "52",
    "name": "कुक टापुहरू"
  },
  {
    "id": "53",
    "name": "कोस्टारिका"
  },
  {
    "id": "54",
    "name": "कोटे डी आइवर"
  },
  {
    "id": "55",
    "name": "क्रोएसिया"
  },
  {
    "id": "56",
    "name": "क्युबा"
  },
  {
    "id": "57",
    "name": "साइप्रस"
  },
  {
    "id": "58",
    "name": "चेक गणतन्त्र"
  },
  {
    "id": "59",
    "name": "डेनमार्क"
  },
  {
    "id": "60",
    "name": "जिबूती"
  },
  {
    "id": "61",
    "name": "डोमिनिका"
  },
  {
    "id": "62",
    "name": "डोमिनिकन गणतन्त्र"
  },
  {
    "id": "63",
    "name": "इक्वेडर"
  },
  {
    "id": "64",
    "name": "इजिप्ट"
  },
  {
    "id": "65",
    "name": "एल साल्भाडोर"
  },
  {
    "id": "66",
    "name": "इक्वेटोरियल गिनी"
  },
  {
    "id": "67",
    "name": "इरिट्रिया"
  },
  {
    "id": "68",
    "name": "इस्टोनिया"
  },
  {
    "id": "69",
    "name": "इथियोपिया"
  },
  {
    "id": "70",
    "name": "फकल्याण्ड टापु (माल्विनास)"
  },
  {
    "id": "71",
    "name": "फारो टापुहरू"
  },
  {
    "id": "72",
    "name": "फिजी"
  },
  {
    "id": "73",
    "name": "फिनल्याण्ड"
  },
  {
    "id": "74",
    "name": "फ्रान्स"
  },
  {
    "id": "75",
    "name": "फ्रेन्च गुयाना"
  },
  {
    "id": "76",
    "name": "फ्रेन्च पोलिनेसिया"
  },
  {
    "id": "77",
    "name": "फ्रान्सेली दक्षिणी क्षेत्रहरू"
  },
  {
    "id": "78",
    "name": "ग्याबोन"
  },
  {
    "id": "79",
    "name": "गाम्बिया"
  },
  {
    "id": "80",
    "name": "जर्जिया"
  },
  {
    "id": "81",
    "name": "जर्मनी"
  },
  {
    "id": "82",
    "name": "घाना"
  },
  {
    "id": "83",
    "name": "जिब्राल्टर"
  },
  {
    "id": "84",
    "name": "ग्रीस"
  },
  {
    "id": "85",
    "name": "ग्रीनल्याण्ड"
  },
  {
    "id": "86",
    "name": "ग्रेनाडा"
  },
  {
    "id": "87",
    "name": "ग्वाडेलुप"
  },
  {
    "id": "88",
    "name": "गुआम"
  },
  {
    "id": "89",
    "name": "ग्वाटेमाला"
  },
  {
    "id": "90",
    "name": "गुर्नसे"
  },
  {
    "id": "91",
    "name": "गिनी"
  },
  {
    "id": "92",
    "name": "गिनी-बिसाउ"
  },
  {
    "id": "93",
    "name": "गुयाना"
  },
  {
    "id": "94",
    "name": "हाइटी"
  },
  {
    "id": "95",
    "name": "हर्ड आइल्याण्ड र म्याकडोनाल्ड टापुहरू"
  },
  {
    "id": "96",
    "name": "होली सी (भ्याटिकन सिटी राज्य)"
  },
  {
    "id": "97",
    "name": "होन्डुरस"
  },
  {
    "id": "98",
    "name": "हंगकंग"
  },
  {
    "id": "99",
    "name": "हंगेरी"
  },
  {
    "id": "100",
    "name": "आइसल्याण्ड"
  },
  {
    "id": "101",
    "name": "भारत"
  },
  {
    "id": "102",
    "name": "इन्डोनेसिया"
  },
  {
    "id": "103",
    "name": "इरान, इस्लामिक गणतन्त्र"
  },
  {
    "id": "104",
    "name": "इराक"
  },
  {
    "id": "105",
    "name": "आयरल्याण्ड"
  },
  {
    "id": "106",
    "name": "आइल अफ म्यान"
  },
  {
    "id": "107",
    "name": "इजरायल"
  },
  {
    "id": "108",
    "name": "इटाली"
  },
  {
    "id": "109",
    "name": "जमैका"
  },
  {
    "id": "110",
    "name": "जापान"
  },
  {
    "id": "111",
    "name": "जर्सी"
  },
  {
    "id": "112",
    "name": "जोर्डन"
  },
  {
    "id": "113",
    "name": "काजाकिस्तान"
  },
  {
    "id": "114",
    "name": "केन्या"
  },
  {
    "id": "115",
    "name": "किरिबाटी"
  },
  {
    "id": "116",
    "name": "कोरिया, लोकतान्त्रिक जनवादी गणतन्त्र"
  },
  {
    "id": "117",
    "name": "कोरिया, गणतन्त्र"
  },
  {
    "id": "118",
    "name": "कुवेत"
  },
  {
    "id": "119",
    "name": "किर्गिजस्तान"
  },
  {
    "id": "120",
    "name": "लाओ जनवादी लोकतान्त्रिक गणतन्त्र"
  },
  {
    "id": "121",
    "name": "लाटभिया"
  },
  {
    "id": "122",
    "name": "लेबनान"
  },
  {
    "id": "123",
    "name": "लेसोथो"
  },
  {
    "id": "124",
    "name": "लाइबेरिया"
  },
  {
    "id": "125",
    "name": "लिबिया अरब जमहिरिया"
  },
  {
    "id": "126",
    "name": "लिकटेन्स्टाइन"
  },
  {
    "id": "127",
    "name": "लिथुआनिया"
  },
  {
    "id": "128",
    "name": "लक्जमबर्ग"
  },
  {
    "id": "129",
    "name": "मकाउ"
  },
  {
    "id": "130",
    "name": "म्यासेडोनिया, पूर्व युगोस्लाभ गणतन्त्र"
  },
  {
    "id": "131",
    "name": "मेडागास्कर"
  },
  {
    "id": "132",
    "name": "मलावी"
  },
  {
    "id": "133",
    "name": "मलेसिया"
  },
  {
    "id": "134",
    "name": "माल्दिभ्स"
  },
  {
    "id": "135",
    "name": "माली"
  },
  {
    "id": "136",
    "name": "माल्टा"
  },
  {
    "id": "137",
    "name": "मार्शल टापुहरू"
  },
  {
    "id": "138",
    "name": "मार्टिनिक"
  },
  {
    "id": "139",
    "name": "मौरिटानिया"
  },
  {
    "id": "140",
    "name": "मौरिसस"
  },
  {
    "id": "141",
    "name": "मेयोट"
  },
  {
    "id": "142",
    "name": "मेक्सिको"
  },
  {
    "id": "143",
    "name": "माइक्रोनेसिया, संघीय राज्यहरू"
  },
  {
    "id": "144",
    "name": "मोल्डोभा, गणतन्त्र"
  },
  {
    "id": "145",
    "name": "मोनाको"
  },
  {
    "id": "146",
    "name": "मंगोलिया"
  },
  {
    "id": "147",
    "name": "मोन्टेनेग्रो"
  },
  {
    "id": "148",
    "name": "मोन्टसेराट"
  },
  {
    "id": "149",
    "name": "मोरक्को"
  },
  {
    "id": "150",
    "name": "मोजाम्बिक"
  },
  {
    "id": "151",
    "name": "म्यानमार"
  },
  {
    "id": "152",
    "name": "नामिबिया"
  },
  {
    "id": "153",
    "name": "नाउरु"
  },
  {
    "id": "154",
    "name": "नेपाल"
  },
  {
    "id": "155",
    "name": "नेदरल्याण्ड्स"
  },
  {
    "id": "156",
    "name": "नेदरल्याण्ड्स एन्टिलिज"
  },
  {
    "id": "157",
    "name": "न्यू क्यालेडोनिया"
  },
  {
    "id": "158",
    "name": "न्युजिल्याण्ड"
  },
  {
    "id": "159",
    "name": "निकारागुआ"
  },
  {
    "id": "160",
    "name": "नाइजर"
  },
  {
    "id": "161",
    "name": "नाइजेरिया"
  },
  {
    "id": "162",
    "name": "निउ"
  },
  {
    "id": "163",
    "name": "नोर्फोक द्वीप"
  },
  {
    "id": "164",
    "name": "उत्तरी मारियाना टापुहरू"
  },
  {
    "id": "165",
    "name": "नर्वे"
  },
  {
    "id": "166",
    "name": "ओमान"
  },
  {
    "id": "167",
    "name": "पाकिस्तान"
  },
  {
    "id": "168",
    "name": "पलाउ"
  },
  {
    "id": "169",
    "name": "प्यालेस्टाईन"
  },
  {
    "id": "170",
    "name": "पनामा"
  },
  {
    "id": "171",
    "name": "पपुवा न्युगिनी"
  },
  {
    "id": "172",
    "name": "पाराग्वे"
  },
  {
    "id": "173",
    "name": "पेरु"
  },
  {
    "id": "174",
    "name": "फिलिपिन्स"
  },
  {
    "id": "175",
    "name": "पिटकर्न टापुहरू"
  },
  {
    "id": "176",
    "name": "पोल्याण्ड"
  },
  {
    "id": "177",
    "name": "पोर्चुगल"
  },
  {
    "id": "178",
    "name": "प्यूर्टो रिको"
  },
  {
    "id": "179",
    "name": "कतार"
  },
  {
    "id": "180",
    "name": "रियुनियन"
  },
  {
    "id": "181",
    "name": "रोमानिया"
  },
  {
    "id": "182",
    "name": "रुस"
  },
  {
    "id": "183",
    "name": "रुवान्डा"
  },
  {
    "id": "184",
    "name": "सेन्ट बार्थेलेमी"
  },
  {
    "id": "185",
    "name": "सेन्ट हेलेना, एस्सेन्सन र ट्रिस्टान द कुन्हा"
  },
  {
    "id": "186",
    "name": "सेन्ट किट्स र नेभिस"
  },
  {
    "id": "187",
    "name": "सेन्ट लुसिया"
  },
  {
    "id": "188",
    "name": "सेन्ट मार्टिन"
  },
  {
    "id": "189",
    "name": "सेन्ट पियरे र मिक्वेलोन"
  },
  {
    "id": "190",
    "name": "सेन्ट भिन्सेन्ट र ग्रेनाडिन्स"
  },
  {
    "id": "191",
    "name": "सामोआ"
  },
  {
    "id": "192",
    "name": "सान मारिनो"
  },
  {
    "id": "193",
    "name": "साउटोमे र प्रिन्सिपे"
  },
  {
    "id": "194",
    "name": "साउदी अरब"
  },
  {
    "id": "195",
    "name": "सेनेगल"
  },
  {
    "id": "196",
    "name": "सर्बिया"
  },
  {
    "id": "197",
    "name": "सेसेल्स"
  },
  {
    "id": "198",
    "name": "सिएरा लिओन"
  },
  {
    "id": "199",
    "name": "सिंगापुर"
  },
  {
    "id": "200",
    "name": "सिन्ट मार्टेन (डच भाग)"
  },
  {
    "id": "201",
    "name": "स्लोभाकिया"
  },
  {
    "id": "202",
    "name": "स्लोभेनिया"
  },
  {
    "id": "203",
    "name": "सोलोमन टापुहरू"
  },
  {
    "id": "204",
    "name": "सोमालिया"
  },
  {
    "id": "205",
    "name": "दक्षिण अफ्रिका"
  },
  {
    "id": "206",
    "name": "दक्षिण जर्जिया र दक्षिण स्यान्डविच टापुहरू"
  },
  {
    "id": "207",
    "name": "दक्षिण कोरिया"
  },
  {
    "id": "208",
    "name": "दक्षिण सुडान"
  },
  {
    "id": "209",
    "name": "स्पेन"
  },
  {
    "id": "210",
    "name": "श्रीलंका"
  },
  {
    "id": "211",
    "name": "सुडान"
  },
  {
    "id": "212",
    "name": "सुरिनेम"
  },
  {
    "id": "213",
    "name": "स्वाल्बार्ड र जान मायेन"
  },
  {
    "id": "214",
    "name": "स्वाजिल्याण्ड"
  },
  {
    "id": "215",
    "name": "स्वीडेन"
  },
  {
    "id": "216",
    "name": "स्विट्जरल्याण्ड"
  },
  {
    "id": "217",
    "name": "सिरिया"
  },
  {
    "id": "218",
    "name": "ताइवान"
  },
  {
    "id": "219",
    "name": "ताजकिस्तान"
  },
  {
    "id": "220",
    "name": "तान्जानिया"
  },
  {
    "id": "221",
    "name": "थाइल्याण्ड"
  },
  {
    "id": "222",
    "name": "टोगो"
  },
  {
    "id": "223",
    "name": "टोकलाउ"
  },
  {
    "id": "224",
    "name": "टोङ्गा"
  },
  {
    "id": "225",
    "name": "त्रिनिडाड र टोबागो"
  },
  {
    "id": "226",
    "name": "ट्युनिसिया"
  },
  {
    "id": "227",
    "name": "टर्की"
  },
  {
    "id": "228",
    "name": "तुर्कमेनिस्तान"
  },
  {
    "id": "229",
    "name": "टुर्भालु"
  },
  {
    "id": "230",
    "name": "युगाण्डा"
  },
  {
    "id": "231",
    "name": "युक्रेन"
  },
  {
    "id": "232",
    "name": "संयुक्त अरब एमिरेट्स"
  },
  {
    "id": "233",
    "name": "संयुक्त अधिराज्य"
  },
  {
    "id": "234",
    "name": "संयुक्त राज्य अमेरिका"
  },
  {
    "id": "235",
    "name": "उरुग्वे"
  },
  {
    "id": "236",
    "name": "उजबेकिस्तान"
  },
  {
    "id": "237",
    "name": "वानुअतु"
  },
  {
    "id": "238",
    "name": "भेटिकन"
  },
  {
    "id": "239",
    "name": "भेनेजुएला"
  },
  {
    "id": "240",
    "name": "भियतनाम"
  },
  {
    "id": "241",
    "name": "वालिस र फुटुना"
  },
  {
    "id": "242",
    "name": "पश्चिमी सहारा"
  },
  {
    "id": "243",
    "name": "येमेन"
  },
  {
    "id": "244",
    "name": "जाम्बिया"
  },
  {
    "id": "245",
    "name": "जिम्बाब्वे"
  }
]
