{
  "1": {
    "name": "भोजपुर",
    "municipalities": [
      { "id": "18", "name": "षडानन्द नगरपालिका" },
      { "id": "19", "name": "भोजपुर नगरपालिका" },
      { "id": "294", "name": "हतुवागढी गाउँपालिका" },
      { "id": "295", "name": "रामप्रसाद राई गाउँपालिका" },
      { "id": "296", "name": "आमचोक गाउँपालिका" },
      { "id": "297", "name": "टेम्केमैयुङ गाउँपालिका" },
      { "id": "298", "name": "अरुण गाउँपालिका" },
      { "id": "299", "name": "पौवादुङमा गाउँपालिका" },
      { "id": "300", "name": "साल्पासिलिछो गाउँपालिका" }
    ]
  },
  "2": {
    "name": "धनकुटा",
    "municipalities": [
      { "id": "20", "name": "धनकुटा नगरपालिका" },
      { "id": "21", "name": "पाख्रिबास नगरपालिका" },
      { "id": "22", "name": "महालक्ष्मी नगरपालिका" },
      { "id": "301", "name": "साँगुरीगढी गाउँपालिका" },
      { "id": "302", "name": "चौविसे गाउँपालिका" },
      { "id": "303", "name": "सहिदभूमि गाउँपालिका" },
      { "id": "304", "name": "छथर जोरपाटी गाउँपालिका" }
    ]
  },
  "3": {
    "name": "इलाम",
    "municipalities": [
      { "id": "23", "name": "सूर्योदय नगरपालिका" },
      { "id": "24", "name": "ईलाम नगरपालिका" },
      { "id": "25", "name": "देउमाई नगरपालिका" },
      { "id": "305", "name": "माईजोगमाई गाउँपालिका" },
      { "id": "306", "name": "फाकफोकथुम गाउँपालिका" },
      { "id": "26", "name": "माई नगरपालिका" },
      { "id": "307", "name": "चुलाचुली गाउँपालिका" },
      { "id": "308", "name": "रोङ गाउँपालिका" },
      { "id": "309", "name": "माङसेबुङ गाउँपालिका" },
      { "id": "310", "name": "सन्दकपुर गाउँपालिका" }
    ]
  },
  "4": {
    "name": "झापा",
    "municipalities": [
      { "id": "27", "name": "मेचीनगर नगरपालिका" },
      { "id": "28", "name": "विर्तामोड नगरपालिका" },
      { "id": "29", "name": "दमक नगरपालिका" },
      { "id": "30", "name": "भद्रपुर नगरपालिका" },
      { "id": "31", "name": "शिवशताक्षी नगरपालिका" },
      { "id": "32", "name": "अर्जुनधारा नगरपालिका" },
      { "id": "33", "name": "गौरादह नगरपालिका" },
      { "id": "34", "name": "कन्काई नगरपालिका" },
      { "id": "311", "name": "कमल गाउँपालिका" },
      { "id": "312", "name": "बुद्धशान्ति गाउँपालिका" },
      { "id": "313", "name": "कचनकवल गाउँपालिका" },
      { "id": "314", "name": "झापा गाउँपालिका" },
      { "id": "315", "name": "बाह्रदशी गाउँपालिका" },
      { "id": "316", "name": "गौरीगंज गाउँपालिका" },
      { "id": "317", "name": "हल्दिवारी गाउँपालिका" }
    ]
  },
  "5": {
    "name": "खोटाङ",
    "municipalities": [
      { "id": "35", "name": "दिक्तेल रुपाकोट मझुवागढी नगरपालिका" },
      { "id": "36", "name": "हलेसी तुवाचुङ नगरपालिका" },
      { "id": "318", "name": "खोटेहाङ गाउँपालिका" },
      { "id": "319", "name": "दिप्रुङ चुइचुम्मा गाउँपालिका" },
      { "id": "320", "name": "ऐसेलुखर्क गाउँपालिका" },
      { "id": "321", "name": "जन्तेढुंगा गाउँपालिका" },
      { "id": "322", "name": "केपिलासगढी गाउँपालिका" },
      { "id": "323", "name": "वराहपोखरी गाउँपालिका" },
      { "id": "324", "name": "रावा बेसी गाउँपालिका" },
      { "id": "325", "name": "साकेला गाउँपालिका" }
    ]
  },
  "6": {
    "name": "मोरंग",
    "municipalities": [
      {
        "id": "1",
        "name": "विराटनगर महानगरपालिका"
      },
      {
        "id": "37",
        "name": "सुन्दरहरैचा नगरपालिका"
      },
      {
        "id": "38",
        "name": "बेलवारी नगरपालिका"
      },
      {
        "id": "39",
        "name": "पथरी शनिश्चरे नगरपालिका"
      },
      {
        "id": "40",
        "name": "रतुवामाई नगरपालिका"
      },
      {
        "id": "41",
        "name": "उर्लावारी नगरपालिका"
      },
      {
        "id": "42",
        "name": "रंगेली नगरपालिका"
      },
      {
        "id": "43",
        "name": "सुनवर्षि नगरपालिका"
      },
      {
        "id": "44",
        "name": "लेटाङ नगरपालिका"
      },
      {
        "id": "326",
        "name": "जहदा गाउँपालिका"
      },
      {
        "id": "327",
        "name": "बुढीगंगा गाउँपालिका"
      },
      {
        "id": "328",
        "name": "कटहरी गाउँपालिका"
      },
      {
        "id": "329",
        "name": "धनपालथान गाउँपालिका"
      },
      {
        "id": "330",
        "name": "कानेपोखरी गाउँपालिका"
      },
      {
        "id": "331",
        "name": "ग्रामथान गाउँपालिका"
      },
      {
        "id": "332",
        "name": "केरावारी गाउँपालिका"
      },
      {
        "id": "341",
        "name": "मिक्लाजुङ गाउँपालिका"
      }
    ]
  },

  "7": {
    "name": "ओखलढुंगा",
    "municipalities": [
      {
        "id": "45",
        "name": "सिद्दिचरण नगरपालिका"
      },
      {
        "id": "334",
        "name": "खिजिदेम्बा गाउँपालिका"
      },
      {
        "id": "335",
        "name": "चिशंखुगढी गाउँपालिका"
      },
      {
        "id": "336",
        "name": "मोलुङ गाउँपालिका"
      },
      {
        "id": "507",
        "name": "सुनकोशी गाउँपालिका"
      },
      {
        "id": "338",
        "name": "चम्पादेवी गाउँपालिका"
      },
      {
        "id": "339",
        "name": "मानेभञ्याङ गाउँपालिका"
      },
      {
        "id": "480",
        "name": "लिखु गाउँपालिका"
      }
    ]
  },
  "8": {
    "name": "पांचथर",
    "municipalities": [
      {
        "id": "46",
        "name": "फिदिम नगरपालिका"
      },
      {
        "id": "341",
        "name": "मिक्लाजुङ गाउँपालिका"
      },
      {
        "id": "342",
        "name": "फाल्गुनन्द गाउँपालिका"
      },
      {
        "id": "343",
        "name": "हिलिहाङ गाउँपालिका"
      },
      {
        "id": "344",
        "name": "फालेलुङ गाउँपालिका"
      },
      {
        "id": "345",
        "name": "याङवरक गाउँपालिका"
      },
      {
        "id": "346",
        "name": "कुम्मायक गाउँपालिका"
      },
      {
        "id": "347",
        "name": "तुम्बेवा गाउँपालिका"
      }
    ]
  },
  "9": {
    "name": "संखुवासभा",
    "municipalities": [
      {
        "id": "47",
        "name": "खाँदवारी नगरपालिका"
      },
      {
        "id": "48",
        "name": "चैनपुर नगरपालिका"
      },
      {
        "id": "49",
        "name": "धर्मदेवी नगरपालिका"
      },
      {
        "id": "50",
        "name": "पाँचखपन नगरपालिका"
      },
      {
        "id": "51",
        "name": "मादी नगरपालिका"
      },
      {
        "id": "348",
        "name": "मकालु गाउँपालिका"
      },
      {
        "id": "349",
        "name": "सिलीचोङ गाउँपालिका"
      },
      {
        "id": "350",
        "name": "सभापोखरी गाउँपालिका"
      },
      {
        "id": "351",
        "name": "चिचिला गाउँपालिका"
      },
      {
        "id": "352",
        "name": "भोटखोला गाउँपालिका"
      }
    ]
  },
  "10": {
    "name": "सोलुखुम्बू",
    "municipalities": [
      {
        "id": "52",
        "name": "सोलुदुधकुण्ड नगरपालिका"
      },
      {
        "id": "353",
        "name": "माप्य दुधकोशी गाउँपालिका"
      },
      {
        "id": "354",
        "name": "नेचासल्यान गाउँपालिका"
      },
      {
        "id": "355",
        "name": "थुलुङ दुधकोशी गाउँपालिका"
      },
      {
        "id": "356",
        "name": "माहाकुलुङ गाउँपालिका"
      },
      {
        "id": "357",
        "name": "सोताङ गाउँपालिका"
      },
      {
        "id": "358",
        "name": "खुम्वु पासाङल्हमु गाउँपालिका"
      },
      {
        "id": "359",
        "name": "लिखु पिके गाउँपालिका"
      }
    ]
  },
  "11": {
    "name": "सुनसरी",
    "municipalities": [
      {
        "id": "53",
        "name": "बराहक्षेत्र नगरपालिका"
      },
      {
        "id": "54",
        "name": "ईनरुवा नगरपालिका"
      },
      {
        "id": "55",
        "name": "दुहवी नगरपालिका"
      },
      {
        "id": "56",
        "name": "रामधुनी नगरपालिका"
      },
      {
        "id": "7",
        "name": "ईटहरी उपमहानगरपालिका"
      },
      {
        "id": "8",
        "name": "धरान उपमहानगरपालिका"
      },
      {
        "id": "360",
        "name": "कोशी गाउँपालिका"
      },
      {
        "id": "361",
        "name": "हरिनगर गाउँपालिका"
      },
      {
        "id": "362",
        "name": "भोक्राहा नरसिंह गाउँपालिका"
      },
      {
        "id": "363",
        "name": "देवानगञ्ज गाउँपालिका"
      },
      {
        "id": "364",
        "name": "गढी गाउँपालिका"
      },
      {
        "id": "365",
        "name": "बर्जु गाउँपालिका"
      }
    ]
  },
  "12": {
    "name": "ताप्लेजुंग",
    "municipalities": [
      {
        "id": "57",
        "name": "फुङलिङ नगरपालिका"
      },
      {
        "id": "366",
        "name": "सिरीजङ्घा गाउँपालिका"
      },
      {
        "id": "367",
        "name": "आठराई त्रिवेणी गाउँपालिका"
      },
      {
        "id": "368",
        "name": "पाथीभरा याङवरक गाउँपालिका"
      },
      {
        "id": "369",
        "name": "मेरिङदेन गाउँपालिका"
      },
      {
        "id": "370",
        "name": "सिदिङ्वा गाउँपालिका"
      },
      {
        "id": "371",
        "name": "फक्ताङलुङ गाउँपालिका"
      },
      {
        "id": "372",
        "name": "मैवाखोला गाउँपालिका"
      },
      {
        "id": "373",
        "name": "मिक्वाखोला गाउँपालिका"
      }
    ]
  },
  "13": {
    "name": "तेह्रथुम",
    "municipalities": [
      {
        "id": "58",
        "name": "म्याङलुङ नगरपालिका"
      },
      {
        "id": "59",
        "name": "लालीगुराँस नगरपालिका"
      },
      {
        "id": "374",
        "name": "आठराई गाउँपालिका"
      },
      {
        "id": "375",
        "name": "फेदाप गाउँपालिका"
      },
      {
        "id": "376",
        "name": "छथर गाउँपालिका"
      },
      {
        "id": "377",
        "name": "मेन्छयायेम गाउँपालिका"
      }
    ]
  },
  "14": {
    "name": "उदयपुर",
    "municipalities": [
      {
        "id": "60",
        "name": "त्रियुगा नगरपालिका"
      },
      {
        "id": "61",
        "name": "कटारी नगरपालिका"
      },
      {
        "id": "62",
        "name": "चौदण्डीगढी नगरपालिका"
      },
      {
        "id": "63",
        "name": "वेलका नगरपालिका"
      },
      {
        "id": "378",
        "name": "उदयपुरगढी गाउँपालिका"
      },
      {
        "id": "379",
        "name": "रौतामाई गाउँपालिका"
      },
      {
        "id": "380",
        "name": "ताप्ली गाउँपालिका"
      },
      {
        "id": "381",
        "name": "लिम्चुङ्बुङ गाउँपालिका"
      }
    ]
  },
  "15": {
    "name": "पर्सा",
    "municipalities": [
      {
        "id": "2",
        "name": "बिरगंज महानगरपालिका"
      },
      {
        "id": "64",
        "name": "बहुदरमाई नगरपालिका"
      },
      {
        "id": "65",
        "name": "पर्सागढी नगरपालिका"
      },
      {
        "id": "66",
        "name": "पोखरिया नगरपालिका"
      },
      {
        "id": "382",
        "name": "बिन्दबासिनी गाउँपालिका"
      },
      {
        "id": "383",
        "name": "धोबीनी गाउँपालिका"
      },
      {
        "id": "384",
        "name": "छिपहरमाई गाउँपालिका"
      },
      {
        "id": "385",
        "name": "जगरनाथपुर गाउँपालिका"
      },
      {
        "id": "386",
        "name": "जिरा भवानी गाउँपालिका"
      },
      {
        "id": "387",
        "name": "कालिकामाई गाउँपालिका"
      },
      {
        "id": "388",
        "name": "पकाहा मैनपुर गाउँपालिका"
      },
      {
        "id": "389",
        "name": "पटेर्वा सुगौली गाउँपालिका"
      },
      {
        "id": "390",
        "name": "सखुवा प्रसौनी गाउँपालिका"
      },
      {
        "id": "391",
        "name": "ठोरी गाउँपालिका"
      }
    ]
  },
  "16": {
    "name": "बारा",
    "municipalities": [
      {
        "id": "9",
        "name": "कलैया उपमहानगरपालिका"
      },
      {
        "id": "10",
        "name": "जीतपुर सिमरा उपमहानगरपालिका"
      },
      {
        "id": "67",
        "name": "कोल्हवी नगरपालिका"
      },
      {
        "id": "68",
        "name": "निजगढ नगरपालिका"
      },
      {
        "id": "69",
        "name": "महागढीमाई नगरपालिका"
      },
      {
        "id": "70",
        "name": "सिम्रौनगढ नगरपालिका"
      },
      {
        "id": "71",
        "name": "पचरौता नगरपालिका"
      },
      {
        "id": "392",
        "name": "फेटा गाउँपालिका"
      },
      {
        "id": "393",
        "name": "विश्रामपुर गाउँपालिका"
      },
      {
        "id": "394",
        "name": "प्रसौनी गाउँपालिका"
      },
      {
        "id": "395",
        "name": "आदर्श कोटवाल गाउँपालिका"
      },
      {
        "id": "396",
        "name": "करैयामाई गाउँपालिका"
      },
      {
        "id": "397",
        "name": "देवताल गाउँपालिका"
      },
      {
        "id": "398",
        "name": "परवानीपुर गाउँपालिका"
      },
      {
        "id": "399",
        "name": "बारागढी गाउँपालिका"
      },
      {
        "id": "400",
        "name": "सुवर्ण गाउँपालिका"
      }
    ]
  },
  "17": {
    "name": "रौतहट",
    "municipalities": [
      {
        "id": "72",
        "name": "बौधीमाई नगरपालिका"
      },
      {
        "id": "73",
        "name": "बृन्दावन नगरपालिका"
      },
      {
        "id": "74",
        "name": "चन्द्रपुर नगरपालिका"
      },
      {
        "id": "75",
        "name": "देवाही गोनाही नगरपालिका"
      },
      {
        "id": "76",
        "name": "गढीमाई नगरपालिका"
      },
      {
        "id": "77",
        "name": "गरुडा नगरपालिका"
      },
      {
        "id": "78",
        "name": "गौर नगरपालिका"
      },
      {
        "id": "79",
        "name": "गुजरा नगरपालिका"
      },
      {
        "id": "80",
        "name": "ईशनाथ नगरपालिका"
      },
      {
        "id": "81",
        "name": "कटहरिया नगरपालिका"
      },
      {
        "id": "82",
        "name": "माधव नारायण नगरपालिका"
      },
      {
        "id": "83",
        "name": "मौलापुर नगरपालिका"
      },
      {
        "id": "84",
        "name": "परोहा नगरपालिका"
      },
      {
        "id": "85",
        "name": "फतुवाबिजयपुर नगरपालिका"
      },
      {
        "id": "86",
        "name": "राजदेवी नगरपालिका"
      },
      {
        "id": "87",
        "name": "राजपुर नगरपालिका"
      },
      {
        "id": "401",
        "name": "दुर्गा भगवती गाउँपालिका"
      },
      {
        "id": "402",
        "name": "यमुनामाई गाउँपालिका"
      }
    ]
  },
  "18": {
    "name": "सर्लाही",
    "municipalities": [
      {
        "id": "88",
        "name": "बागमती नगरपालिका"
      },
      {
        "id": "89",
        "name": "बलरा नगरपालिका"
      },
      {
        "id": "90",
        "name": "बरहथवा नगरपालिका"
      },
      {
        "id": "91",
        "name": "गोडैटा नगरपालिका"
      },
      {
        "id": "92",
        "name": "हरिवन नगरपालिका"
      },
      {
        "id": "93",
        "name": "हरिपुर नगरपालिका"
      },
      {
        "id": "94",
        "name": "हरिपुर्वा नगरपालिका"
      },
      {
        "id": "95",
        "name": "ईश्वरपुर नगरपालिका"
      },
      {
        "id": "96",
        "name": "कविलासी नगरपालिका"
      },
      {
        "id": "97",
        "name": "लालबन्दी नगरपालिका"
      },
      {
        "id": "98",
        "name": "मलंगवा नगरपालिका"
      },
      {
        "id": "403",
        "name": "बसबरीया गाउँपालिका"
      },
      {
        "id": "404",
        "name": "विष्णु गाउँपालिका"
      },
      {
        "id": "405",
        "name": "ब्रह्मपुरी गाउँपालिका"
      },
      {
        "id": "406",
        "name": "चक्रघट्टा गाउँपालिका"
      },
      {
        "id": "407",
        "name": "चन्द्रनगर गाउँपालिका"
      },
      {
        "id": "408",
        "name": "धनकौल गाउँपालिका"
      },
      {
        "id": "409",
        "name": "कौडेना गाउँपालिका"
      },
      {
        "id": "410",
        "name": "पर्सा गाउँपालिका"
      },
      {
        "id": "411",
        "name": "रामनगर गाउँपालिका"
      }
    ]
  },
  "19": {
    "name": "सिरहा",
    "municipalities": [
      {
        "id": "99",
        "name": "लहान नगरपालिका"
      },
      {
        "id": "100",
        "name": "धनगढीमाई नगरपालिका"
      },
      {
        "id": "101",
        "name": "सिरहा नगरपालिका"
      },
      {
        "id": "102",
        "name": "गोलबजार नगरपालिका"
      },
      {
        "id": "103",
        "name": "मिर्चैयाँ नगरपालिका"
      },
      {
        "id": "104",
        "name": "कल्याणपुर नगरपालिका"
      },
      {
        "id": "105",
        "name": "कर्जन्हा नगरपालिका"
      },
      {
        "id": "106",
        "name": "सुखीपुर नगरपालिका"
      },
      {
        "id": "412",
        "name": "भगवानपुर गाउँपालिका"
      },
      {
        "id": "425",
        "name": "औरही गाउँपालिका"
      },
      {
        "id": "414",
        "name": "विष्णुपुर गाउँपालिका"
      },
      {
        "id": "415",
        "name": "बरियारपट्टी गाउँपालिका"
      },
      {
        "id": "416",
        "name": "लक्ष्मीपुर पतारी गाउँपालिका"
      },
      {
        "id": "417",
        "name": "नरहा गाउँपालिका"
      },
      {
        "id": "418",
        "name": "सखुवानान्कारकट्टी गाउँपालिका"
      },
      {
        "id": "419",
        "name": "अर्नमा गाउँपालिका"
      },
      {
        "id": "420",
        "name": "नवराजपुर गाउँपालिका"
      }
    ]
  },
  "20": {
    "name": "धनुषा",
    "municipalities": [
      {
        "id": "11",
        "name": "जनकपुरधाम उपमहानगरपालिका"
      },
      {
        "id": "107",
        "name": "क्षिरेश्वरनाथ नगरपालिका"
      },
      {
        "id": "108",
        "name": "गणेशमान चारनाथ नगरपालिका"
      },
      {
        "id": "109",
        "name": "धनुषाधाम नगरपालिका"
      },
      {
        "id": "110",
        "name": "नगराइन नगरपालिका"
      },
      {
        "id": "111",
        "name": "विदेह नगरपालिका"
      },
      {
        "id": "112",
        "name": "मिथिला नगरपालिका"
      },
      {
        "id": "113",
        "name": "शहीदनगर नगरपालिका"
      },
      {
        "id": "114",
        "name": "सबैला नगरपालिका"
      },
      {
        "id": "115",
        "name": "कमला नगरपालिका"
      },
      {
        "id": "116",
        "name": "मिथिला बिहारी नगरपालिका"
      },
      {
        "id": "117",
        "name": "हंसपुर नगरपालिका"
      },
      {
        "id": "421",
        "name": "जनकनन्दिनी गाउँपालिका"
      },
      {
        "id": "422",
        "name": "बटेश्वर गाउँपालिका"
      },
      {
        "id": "423",
        "name": "मुखियापट्टी मुसहरमिया गाउँपालिका"
      },
      {
        "id": "424",
        "name": "लक्ष्मीनिया गाउँपालिका"
      },
      {
        "id": "425",
        "name": "औरही गाउँपालिका"
      },
      {
        "id": "426",
        "name": "धनौजी गाउँपालिका"
      }
    ]
  },
  "21": {
    "name": "सप्तरी",
    "municipalities": [
      {
        "id": "118",
        "name": "बोदेबरसाईन नगरपालिका"
      },
      {
        "id": "119",
        "name": "डाक्नेश्वरी नगरपालिका"
      },
      {
        "id": "120",
        "name": "हनुमाननगर कङ्‌कालिनी नगरपालिका"
      },
      {
        "id": "121",
        "name": "कञ्चनरुप नगरपालिका"
      },
      {
        "id": "122",
        "name": "खडक नगरपालिका"
      },
      {
        "id": "123",
        "name": "शम्भुनाथ नगरपालिका"
      },
      {
        "id": "124",
        "name": "सप्तकोशी नगरपालिका"
      },
      {
        "id": "125",
        "name": "सुरुङ्‍गा नगरपालिका"
      },
      {
        "id": "126",
        "name": "राजविराज नगरपालिका"
      },
      {
        "id": "427",
        "name": "अग्निसाइर कृष्णासरवन गाउँपालिका"
      },
      {
        "id": "428",
        "name": "बलान-बिहुल गाउँपालिका"
      },
      {
        "id": "429",
        "name": "राजगढ गाउँपालिका"
      },
      {
        "id": "430",
        "name": "बिष्णुपुर गाउँपालिका"
      },
      {
        "id": "431",
        "name": "छिन्नमस्ता गाउँपालिका"
      },
      {
        "id": "432",
        "name": "महादेवा गाउँपालिका"
      },
      {
        "id": "433",
        "name": "रुपनी गाउँपालिका"
      },
      {
        "id": "434",
        "name": "तिलाठी कोईलाडी गाउँपालिका"
      },
      {
        "id": "435",
        "name": "तिरहुत गाउँपालिका"
      }
    ]
  },
  "22": {
    "name": "महोत्तरी",
    "municipalities": [
      {
        "id": "127",
        "name": "औरही नगरपालिका"
      },
      {
        "id": "128",
        "name": "बलवा नगरपालिका"
      },
      {
        "id": "129",
        "name": "बर्दिबास नगरपालिका"
      },
      {
        "id": "130",
        "name": "भँगाहा नगरपालिका"
      },
      {
        "id": "131",
        "name": "गौशाला नगरपालिका"
      },
      {
        "id": "132",
        "name": "जलेश्वर नगरपालिका"
      },
      {
        "id": "133",
        "name": "लोहरपट्टी नगरपालिका"
      },
      {
        "id": "134",
        "name": "मनरा शिसवा नगरपालिका"
      },
      {
        "id": "135",
        "name": "मटिहानी नगरपालिका"
      },
      {
        "id": "136",
        "name": "रामगोपालपुर नगरपालिका"
      },
      {
        "id": "436",
        "name": "एकडारा गाउँपालिका"
      },
      {
        "id": "437",
        "name": "महोत्तरी गाउँपालिका"
      },
      {
        "id": "438",
        "name": "पिपरा गाउँपालिका"
      },
      {
        "id": "439",
        "name": "साम्सी गाउँपालिका"
      },
      {
        "id": "440",
        "name": "सोनमा गाउँपालिका"
      }
    ]
  },
  "23": {
    "name": "भक्तपुर",
    "municipalities": [
      {
        "id": "137",
        "name": "भक्तपुर नगरपालिका"
      },
      {
        "id": "138",
        "name": "चाँगुनारायण नगरपालिका"
      },
      {
        "id": "139",
        "name": "सूर्यविनायक नगरपालिका"
      },
      {
        "id": "140",
        "name": "मध्यपुर थिमी नगरपालिका"
      }
    ]
  },
  "24": {
    "name": "चितवन",
    "municipalities": [
      {
        "id": "3",
        "name": "भरतपुर महानगरपालिका"
      },
      {
        "id": "141",
        "name": "कालिका नगरपालिका"
      },
      {
        "id": "142",
        "name": "खैरहनी नगरपालिका"
      },
      {
        "id": "143",
        "name": "माडी नगरपालिका"
      },
      {
        "id": "144",
        "name": "रत्ननगर नगरपालिका"
      },
      {
        "id": "145",
        "name": "राप्ती नगरपालिका"
      },
      {
        "id": "441",
        "name": "इच्छाकामना गाउँपालिका"
      }
    ]
  },
  "25": {
    "name": "धादिंङ्ग",
    "municipalities": [
      {
        "id": "146",
        "name": "धुनीबेंशी नगरपालिका"
      },
      {
        "id": "147",
        "name": "निलकण्ठ नगरपालिका"
      },
      {
        "id": "442",
        "name": "खनियाबास गाउँपालिका"
      },
      {
        "id": "443",
        "name": "गजुरी गाउँपालिका"
      },
      {
        "id": "444",
        "name": "गल्छी गाउँपालिका"
      },
      {
        "id": "445",
        "name": "गङ्गाजमुना गाउँपालिका"
      },
      {
        "id": "446",
        "name": "ज्वालामूखी गाउँपालिका"
      },
      {
        "id": "447",
        "name": "थाक्रे गाउँपालिका"
      },
      {
        "id": "448",
        "name": "नेत्रावती डबजोङ गाउँपालिका"
      },
      {
        "id": "449",
        "name": "बेनीघाट रोराङ्ग गाउँपालिका"
      },
      {
        "id": "450",
        "name": "रुवी भ्याली गाउँपालिका"
      },
      {
        "id": "451",
        "name": "सिद्धलेक गाउँपालिका"
      },
      {
        "id": "514",
        "name": "त्रिपुरासुन्दरी गाउँपालिका"
      }
    ]
  },
  "26": {
    "name": "दोलखा",
    "municipalities": [
      {
        "id": "148",
        "name": "भिमेश्वर नगरपालिका"
      },
      {
        "id": "149",
        "name": "जिरी नगरपालिका"
      },
      {
        "id": "453",
        "name": "कालिन्चोक गाउँपालिका"
      },
      {
        "id": "454",
        "name": "मेलुङ्ग गाउँपालिका"
      },
      {
        "id": "455",
        "name": "विगु गाउँपालिका"
      },
      {
        "id": "456",
        "name": "गौरीशङ्कर गाउँपालिका"
      },
      {
        "id": "457",
        "name": "वैतेश्वर गाउँपालिका"
      },
      {
        "id": "458",
        "name": "शैलुङ्ग गाउँपालिका"
      },
      {
        "id": "459",
        "name": "तामाकोशी गाउँपालिका"
      }
    ]
  },
  "27": {
    "name": "काठमाडौँ",
    "municipalities": [
      {
        "id": "4",
        "name": "काठमाण्डौं महानगरपालिका"
      },
      {
        "id": "150",
        "name": "गोकर्णेश्वर नगरपालिका"
      },
      {
        "id": "151",
        "name": "कीर्तिपुर नगरपालिका"
      },
      {
        "id": "152",
        "name": "कागेश्वरी मनोहरा नगरपालिका"
      },
      {
        "id": "153",
        "name": "चन्द्रागिरी नगरपालिका"
      },
      {
        "id": "154",
        "name": "टोखा नगरपालिका"
      },
      {
        "id": "155",
        "name": "तारकेश्वर नगरपालिका"
      },
      {
        "id": "156",
        "name": "दक्षिणकाली नगरपालिका"
      },
      {
        "id": "157",
        "name": "नागार्जुन नगरपालिका"
      },
      {
        "id": "158",
        "name": "बुढानिलकण्ठ नगरपालिका"
      },
      {
        "id": "159",
        "name": "शङ्खरापुर नगरपालिका"
      }
    ]
  },
  "28": {
    "name": "काभ्रेपलान्चोक",
    "municipalities": [
      {
        "id": "160",
        "name": "धुलिखेल नगरपालिका"
      },
      {
        "id": "161",
        "name": "नमोबुद्ध नगरपालिका"
      },
      {
        "id": "162",
        "name": "पनौती नगरपालिका"
      },
      {
        "id": "163",
        "name": "पाँचखाल नगरपालिका"
      },
      {
        "id": "164",
        "name": "बनेपा नगरपालिका"
      },
      {
        "id": "165",
        "name": "मण्डनदेउपुर नगरपालिका"
      },
      {
        "id": "460",
        "name": "खानीखोला गाउँपालिका"
      },
      {
        "id": "461",
        "name": "चौंरीदेउराली गाउँपालिका"
      },
      {
        "id": "462",
        "name": "तेमाल गाउँपालिका"
      },
      {
        "id": "463",
        "name": "बेथानचोक गाउँपालिका"
      },
      {
        "id": "464",
        "name": "भुम्लु गाउँपालिका"
      },
      {
        "id": "465",
        "name": "महाभारत गाउँपालिका"
      },
      {
        "id": "466",
        "name": "रोशी गाउँपालिका"
      }
    ]
  },
  "29": {
    "name": "ललितपुर",
    "municipalities": [
      {
        "id": "5",
        "name": "ललितपुर महानगरपालिका"
      },
      {
        "id": "166",
        "name": "महालक्ष्मी नगरपालिका"
      },
      {
        "id": "292",
        "name": "गोदावरी नगरपालिका"
      },
      {
        "id": "467",
        "name": "कोन्ज्योसोम गाउँपालिका"
      },
      {
        "id": "468",
        "name": "बागमती गाउँपालिका"
      },
      {
        "id": "469",
        "name": "महाङ्काल गाउँपालिका"
      }
    ]
  },
  "30": {
    "name": "मकवानपुर",
    "municipalities": [
      {
        "id": "12",
        "name": "हेटौडा उपमहानगरपालिका"
      },
      {
        "id": "168",
        "name": "थाहा नगरपालिका"
      },
      {
        "id": "470",
        "name": "भिमफेदी गाउँपालिका"
      },
      {
        "id": "471",
        "name": "मकवानपुरगढी गाउँपालिका"
      },
      {
        "id": "472",
        "name": "मनहरी गाउँपालिका"
      },
      {
        "id": "473",
        "name": "राक्सिराङ्ग गाउँपालिका"
      },
      {
        "id": "474",
        "name": "बकैया गाउँपालिका"
      },
      {
        "id": "475",
        "name": "बाग्मति गाउँपालिका"
      },
      {
        "id": "476",
        "name": "कैलाश गाउँपालिका"
      },
      {
        "id": "477",
        "name": "इन्द्रसरोबर गाउँपालिका"
      }
    ]
  },
  "31": {
    "name": "नुवाकोट",
    "municipalities": [
      {
        "id": "169",
        "name": "विदुर नगरपालिका"
      },
      {
        "id": "170",
        "name": "बेलकोटगढी नगरपालिका"
      },
      {
        "id": "478",
        "name": "ककनी गाउँपालिका"
      },
      {
        "id": "479",
        "name": "पञ्चकन्या गाउँपालिका"
      },
      {
        "id": "480",
        "name": "लिखु गाउँपालिका"
      },
      {
        "id": "481",
        "name": "दुप्चेश्वर गाउँपालिका"
      },
      {
        "id": "482",
        "name": "शिवपुरी गाउँपालिका"
      },
      {
        "id": "483",
        "name": "तादी गाउँपालिका"
      },
      {
        "id": "484",
        "name": "सुर्यगढी गाउँपालिका"
      },
      {
        "id": "485",
        "name": "तारकेश्वर गाउँपालिका"
      },
      {
        "id": "486",
        "name": "किस्पाङ गाउँपालिका"
      },
      {
        "id": "487",
        "name": "म्यगङ गाउँपालिका"
      }
    ]
  },
  "32": {
    "name": "रामेछाप",
    "municipalities": [
      {
        "id": "171",
        "name": "मन्थली नगरपालिका"
      },
      {
        "id": "172",
        "name": "रामेछाप नगरपालिका"
      },
      {
        "id": "488",
        "name": "उमाकुण्ड गाउँपालिका"
      },
      {
        "id": "489",
        "name": "खाँडादेवी गाउँपालिका"
      },
      {
        "id": "490",
        "name": "दोरम्बा गाउँपालिका"
      },
      {
        "id": "491",
        "name": "गोकुलगङ्गा गाउँपालिका"
      },
      {
        "id": "492",
        "name": "लिखु तामाकोशी गाउँपालिका"
      },
      {
        "id": "493",
        "name": "सुनापती गाउँपालिका"
      }
    ]
  },
  "33": {
    "name": "रसुवा",
    "municipalities": [
      {
        "id": "494",
        "name": "कालिका गाउँपालिका"
      },
      {
        "id": "495",
        "name": "गोसाईकुण्ड गाउँपालिका"
      },
      {
        "id": "496",
        "name": "नौकुण्ड गाउँपालिका"
      },
      {
        "id": "497",
        "name": "आमाछोदिङमो गाउँपालिका"
      },
      {
        "id": "498",
        "name": "उत्तरगया गाउँपालिका"
      }
    ]
  },
  "34": {
    "name": "सिन्धुली",
    "municipalities": [
      {
        "id": "173",
        "name": "कमलामाई नगरपालिका"
      },
      {
        "id": "174",
        "name": "दुधौली नगरपालिका"
      },
      {
        "id": "507",
        "name": "सुनकोशी गाउँपालिका"
      },
      {
        "id": "500",
        "name": "हरिहरपुरगढी गाउँपालिका"
      },
      {
        "id": "501",
        "name": "तीनपाटन गाउँपालिका"
      },
      {
        "id": "502",
        "name": "मरिण गाउँपालिका"
      },
      {
        "id": "503",
        "name": "गोलन्जर गाउँपालिका"
      },
      {
        "id": "504",
        "name": "फिक्कल गाउँपालिका"
      },
      {
        "id": "505",
        "name": "घ्याङलेख गाउँपालिका"
      }
    ]
  },
  "35": {
    "name": "सिन्धुपाल्चोक",
    "municipalities": [
      {
        "id": "175",
        "name": "चौतारा साँगाचोकगढी नगरपालिका"
      },
      {
        "id": "176",
        "name": "बाह्रविसे नगरपालिका"
      },
      {
        "id": "177",
        "name": "मेलम्ची नगरपालिका"
      },
      {
        "id": "506",
        "name": "बलेफी गाउँपालिका"
      },
      {
        "id": "507",
        "name": "सुनकोशी गाउँपालिका"
      },
      {
        "id": "508",
        "name": "ईन्द्रावती गाउँपालिका"
      },
      {
        "id": "509",
        "name": "जुगल गाउँपालिका"
      },
      {
        "id": "510",
        "name": "पाँचपोखरी थाङपाल गाउँपालिका"
      },
      {
        "id": "511",
        "name": "भोटेकोशी गाउँपालिका"
      },
      {
        "id": "512",
        "name": "लिसङ्खु पाखर गाउँपालिका"
      },
      {
        "id": "513",
        "name": "हेलम्बु गाउँपालिका"
      },
      {
        "id": "514",
        "name": "त्रिपुरासुन्दरी गाउँपालिका"
      }
    ]
  },
  "36": {
    "name": "बागलुङ",
    "municipalities": [
      {
        "id": "178",
        "name": "बागलुङ नगरपालिका"
      },
      {
        "id": "179",
        "name": "ढोरपाटन नगरपालिका"
      },
      {
        "id": "180",
        "name": "गल्कोट नगरपालिका"
      },
      {
        "id": "181",
        "name": "जैमूनी नगरपालिका"
      },
      {
        "id": "515",
        "name": "वरेङ गाउँपालिका"
      },
      {
        "id": "516",
        "name": "काठेखोला गाउँपालिका"
      },
      {
        "id": "517",
        "name": "तमानखोला गाउँपालिका"
      },
      {
        "id": "518",
        "name": "ताराखोला गाउँपालिका"
      },
      {
        "id": "519",
        "name": "निसीखोला गाउँपालिका"
      },
      {
        "id": "520",
        "name": "वडिगाड गाउँपालिका"
      }
    ]
  },
  "37": {
    "name": "गोरखा",
    "municipalities": [
      {
        "id": "182",
        "name": "गोरखा नगरपालिका"
      },
      {
        "id": "183",
        "name": "पालुङटार नगरपालिका"
      },
      {
        "id": "521",
        "name": "बारपाक सुलिकोट गाउँपालिका"
      },
      {
        "id": "522",
        "name": "सिरानचोक गाउँपालिका"
      },
      {
        "id": "523",
        "name": "अजिरकोट गाउँपालिका"
      },
      {
        "id": "524",
        "name": "चुमनुव्री गाउँपालिका"
      },
      {
        "id": "525",
        "name": "धार्चे गाउँपालिका"
      },
      {
        "id": "526",
        "name": "भिमसेनथापा गाउँपालिका"
      },
      {
        "id": "527",
        "name": "शहिद लखन गाउँपालिका"
      },
      {
        "id": "528",
        "name": "आरूघाट गाउँपालिका"
      },
      {
        "id": "529",
        "name": "गण्डकी गाउँपालिका"
      }
    ]
  },
  "38": {
    "name": "कास्की",
    "municipalities": [
      {
        "id": "6",
        "name": "पोखरा महानगरपालिका"
      },
      {
        "id": "530",
        "name": "अन्नपूर्ण गाउँपालिका"
      },
      {
        "id": "531",
        "name": "माछापुच्छ्रे गाउँपालिका"
      },
      {
        "id": "532",
        "name": "मादी गाउँपालिका"
      },
      {
        "id": "533",
        "name": "रूपा गाउँपालिका"
      }
    ]
  },
  "39": {
    "name": "लमजुङ",
    "municipalities": [
      {
        "id": "184",
        "name": "बेसीशहर नगरपालिका"
      },
      {
        "id": "185",
        "name": "मध्यनेपाल नगरपालिका"
      },
      {
        "id": "186",
        "name": "रारइनास नगरपालिका"
      },
      {
        "id": "187",
        "name": "सुन्दरबजार नगरपालिका"
      },
      {
        "id": "534",
        "name": "दोर्दी गाउँपालिका"
      },
      {
        "id": "535",
        "name": "दूधपोखरी गाउँपालिका"
      },
      {
        "id": "536",
        "name": "क्व्होलासोथार गाउँपालिका"
      },
      {
        "id": "537",
        "name": "मर्स्याङदी गाउँपालिका"
      }
    ]
  },
  "40": {
    "name": "मनाङ",
    "municipalities": [
      {
        "id": "538",
        "name": "चामे गाउँपालिका"
      },
      {
        "id": "539",
        "name": "नासोँ गाउँपालिका"
      },
      {
        "id": "540",
        "name": "नार्पा भूमि गाउँपालिका"
      },
      {
        "id": "541",
        "name": "मनाङ ङिस्याङ गाउँपालिका"
      }
    ]
  },
  "41": {
    "name": "मुस्ताङ",
    "municipalities": [
      {
        "id": "542",
        "name": "घरपझोङ गाउँपालिका"
      },
      {
        "id": "543",
        "name": "थासाङ गाउँपालिका"
      },
      {
        "id": "544",
        "name": "वारागुङ मुक्तिक्षेत्र गाउँपालिका"
      },
      {
        "id": "545",
        "name": "लोमन्थाङ गाउँपालिका"
      },
      {
        "id": "546",
        "name": "लो-घेकर दामोदरकुण्ड गाउँपालिका"
      }
    ]
  },
  "42": {
    "name": "म्याग्दी",
    "municipalities": [
      {
        "id": "188",
        "name": "बेनी नगरपालिका"
      },
      {
        "id": "547",
        "name": "अन्नपुर्ण गाउँपालिका"
      },
      {
        "id": "548",
        "name": "धवलागिरी गाउँपालिका"
      },
      {
        "id": "549",
        "name": "मंगला गाउँपालिका"
      },
      {
        "id": "602",
        "name": "मालिका गाउँपालिका"
      },
      {
        "id": "551",
        "name": "रघुगंगा गाउँपालिका"
      }
    ]
  },
  "43": {
    "name": "नवलपरासी (पूर्व)",
    "municipalities": [
      {
        "id": "189",
        "name": "कावासोती नगरपालिका"
      },
      {
        "id": "190",
        "name": "गैडाकोट नगरपालिका"
      },
      {
        "id": "191",
        "name": "देवचुली नगरपालिका"
      },
      {
        "id": "192",
        "name": "मध्यविन्दु नगरपालिका"
      },
      {
        "id": "552",
        "name": "बौदीकाली गाउँपालिका"
      },
      {
        "id": "553",
        "name": "बुलिङटार गाउँपालिका"
      },
      {
        "id": "554",
        "name": "विनयी त्रिवेणी गाउँपालिका"
      },
      {
        "id": "555",
        "name": "हुप्सेकोट गाउँपालिका"
      }
    ]
  },
  "44": {
    "name": "पर्वत",
    "municipalities": [
      {
        "id": "193",
        "name": "कुश्मा नगरपालिका"
      },
      {
        "id": "194",
        "name": "फलेवास नगरपालिका"
      },
      {
        "id": "556",
        "name": "जलजला गाउँपालिका"
      },
      {
        "id": "557",
        "name": "पैयूं गाउँपालिका"
      },
      {
        "id": "558",
        "name": "महाशिला गाउँपालिका"
      },
      {
        "id": "559",
        "name": "मोदी गाउँपालिका"
      },
      {
        "id": "560",
        "name": "विहादी गाउँपालिका"
      }
    ]
  },
  "45": {
    "name": "स्याङग्जा",
    "municipalities": [
      {
        "id": "195",
        "name": "गल्याङ नगरपालिका"
      },
      {
        "id": "196",
        "name": "चापाकोट नगरपालिका"
      },
      {
        "id": "197",
        "name": "पुतलीबजार नगरपालिका"
      },
      {
        "id": "198",
        "name": "भीरकोट नगरपालिका"
      },
      {
        "id": "199",
        "name": "वालिङ नगरपालिका"
      },
      {
        "id": "561",
        "name": "अर्जुनचौपारी गाउँपालिका"
      },
      {
        "id": "562",
        "name": "आँधिखोला गाउँपालिका"
      },
      {
        "id": "600",
        "name": "कालीगण्डकी गाउँपालिका"
      },
      {
        "id": "564",
        "name": "फेदीखोला गाउँपालिका"
      },
      {
        "id": "565",
        "name": "हरिनास गाउँपालिका"
      },
      {
        "id": "566",
        "name": "बिरुवा गाउँपालिका"
      }
    ]
  },
  "46": {
    "name": "तनहुँ",
    "municipalities": [
      {
        "id": "200",
        "name": "भानु नगरपालिका"
      },
      {
        "id": "201",
        "name": "भिमाद नगरपालिका"
      },
      {
        "id": "202",
        "name": "व्यास नगरपालिका"
      },
      {
        "id": "203",
        "name": "शुक्लागण्डकी नगरपालिका"
      },
      {
        "id": "567",
        "name": "आँबुखैरेनी गाउँपालिका"
      },
      {
        "id": "568",
        "name": "देवघाट गाउँपालिका"
      },
      {
        "id": "569",
        "name": "वन्दिपुर गाउँपालिका"
      },
      {
        "id": "570",
        "name": "ऋषिङ्ग गाउँपालिका"
      },
      {
        "id": "571",
        "name": "घिरिङ गाउँपालिका"
      },
      {
        "id": "572",
        "name": "म्याग्दे गाउँपालिका"
      }
    ]
  },
  "47": {
    "name": "कपिलवस्तु",
    "municipalities": [
      {
        "id": "204",
        "name": "कपिलवस्तु नगरपालिका"
      },
      {
        "id": "205",
        "name": "बाणगंगा नगरपालिका"
      },
      {
        "id": "206",
        "name": "बुद्धभुमी नगरपालिका"
      },
      {
        "id": "207",
        "name": "शिवराज नगरपालिका"
      },
      {
        "id": "208",
        "name": "कृष्णनगर नगरपालिका"
      },
      {
        "id": "209",
        "name": "महाराजगंज नगरपालिका"
      },
      {
        "id": "585",
        "name": "मायादेवी गाउँपालिका"
      },
      {
        "id": "574",
        "name": "यसोधरा गाउँपालिका"
      },
      {
        "id": "575",
        "name": "सुद्धोधन गाउँपालिका"
      },
      {
        "id": "576",
        "name": "विजयनगर गाउँपालिका"
      }
    ]
  },
  "48": {
    "name": "नवलपरासी (पश्चिम)",
    "municipalities": [
      {
        "id": "210",
        "name": "बर्दघाट नगरपालिका"
      },
      {
        "id": "211",
        "name": "रामग्राम नगरपालिका"
      },
      {
        "id": "212",
        "name": "सुनवल नगरपालिका"
      },
      {
        "id": "577",
        "name": "सुस्ता गाउँपालिका"
      },
      {
        "id": "578",
        "name": "पाल्हीनन्दन गाउँपालिका"
      },
      {
        "id": "579",
        "name": "प्रतापपुर गाउँपालिका"
      },
      {
        "id": "580",
        "name": "सरावल गाउँपालिका"
      }
    ]
  },
  "49": {
    "name": "रुपन्देही",
    "municipalities": [
      {
        "id": "13",
        "name": "बुटवल उपमहानगरपालिका"
      },
      {
        "id": "213",
        "name": "देवदह नगरपालिका"
      },
      {
        "id": "214",
        "name": "लुम्बिनी सांस्कृतिक नगरपालिका"
      },
      {
        "id": "215",
        "name": "सैनामैना नगरपालिका"
      },
      {
        "id": "216",
        "name": "सिद्धार्थनगर नगरपालिका"
      },
      {
        "id": "217",
        "name": "तिलोत्तमा नगरपालिका"
      },
      {
        "id": "581",
        "name": "गैडहवा गाउँपालिका"
      },
      {
        "id": "582",
        "name": "कन्चन गाउँपालिका"
      },
      {
        "id": "583",
        "name": "कोटहीमाई गाउँपालिका"
      },
      {
        "id": "584",
        "name": "मर्चवारी गाउँपालिका"
      },
      {
        "id": "585",
        "name": "मायादेवी गाउँपालिका"
      },
      {
        "id": "586",
        "name": "ओमसतिया गाउँपालिका"
      },
      {
        "id": "587",
        "name": "रोहिणी गाउँपालिका"
      },
      {
        "id": "588",
        "name": "सम्मरीमाई गाउँपालिका"
      },
      {
        "id": "589",
        "name": "सियारी गाउँपालिका"
      },
      {
        "id": "590",
        "name": "शुद्धोधन गाउँपालिका"
      }
    ]
  },
  "50": {
    "name": "अर्घाखाँची",
    "municipalities": [
      {
        "id": "218",
        "name": "सन्धिखर्क नगरपालिका"
      },
      {
        "id": "219",
        "name": "शितगंगा नगरपालिका"
      },
      {
        "id": "220",
        "name": "भूमिकास्थान नगरपालिका"
      },
      {
        "id": "591",
        "name": "छत्रदेव गाउँपालिका"
      },
      {
        "id": "592",
        "name": "पाणिनी गाउँपालिका"
      },
      {
        "id": "593",
        "name": "मालारानी गाउँपालिका"
      }
    ]
  },
  "51": {
    "name": "गुल्मी",
    "municipalities": [
      {
        "id": "221",
        "name": "रेसुङ्गा नगरपालिका"
      },
      {
        "id": "237",
        "name": "मुसिकोट नगरपालिका"
      },
      {
        "id": "594",
        "name": "रुरुक्षेत्र गाउँपालिका"
      },
      {
        "id": "595",
        "name": "छत्रकोट गाउँपालिका"
      },
      {
        "id": "596",
        "name": "गुल्मी दरबार गाउँपालिका"
      },
      {
        "id": "597",
        "name": "चन्द्रकोट गाउँपालिका"
      },
      {
        "id": "598",
        "name": "सत्यवती गाउँपालिका"
      },
      {
        "id": "599",
        "name": "धुर्कोट गाउँपालिका"
      },
      {
        "id": "600",
        "name": "कालीगण्डकी गाउँपालिका"
      },
      {
        "id": "601",
        "name": "ईस्मा गाउँपालिका"
      },
      {
        "id": "602",
        "name": "मालिका गाउँपालिका"
      },
      {
        "id": "603",
        "name": "मदाने गाउँपालिका"
      }
    ]
  },
  "52": {
    "name": "पाल्पा",
    "municipalities": [
      {
        "id": "223",
        "name": "तानसेन नगरपालिका"
      },
      {
        "id": "224",
        "name": "रामपुर नगरपालिका"
      },
      {
        "id": "604",
        "name": "रैनादेवी छहरा गाउँपालिका"
      },
      {
        "id": "605",
        "name": "रिब्दिकोट गाउँपालिका"
      },
      {
        "id": "606",
        "name": "बगनासकाली गाउँपालिका"
      },
      {
        "id": "607",
        "name": "रम्भा गाउँपालिका"
      },
      {
        "id": "608",
        "name": "पूर्वखोला गाउँपालिका"
      },
      {
        "id": "609",
        "name": "निस्दी गाउँपालिका"
      },
      {
        "id": "610",
        "name": "माथागढी गाउँपालिका"
      },
      {
        "id": "611",
        "name": "तिनाउ गाउँपालिका"
      }
    ]
  },
  "53": {
    "name": "दाङ",
    "municipalities": [
      {
        "id": "14",
        "name": "घोराही उपमहानगरपालिका"
      },
      {
        "id": "15",
        "name": "तुल्सीपुर उपमहानगरपालिका"
      },
      {
        "id": "225",
        "name": "लमही नगरपालिका"
      },
      {
        "id": "612",
        "name": "गढवा गाउँपालिका"
      },
      {
        "id": "613",
        "name": "राजपुर गाउँपालिका"
      },
      {
        "id": "614",
        "name": "शान्तिनगर गाउँपालिका"
      },
      {
        "id": "615",
        "name": "राप्ती गाउँपालिका"
      },
      {
        "id": "616",
        "name": "बंगलाचुली गाउँपालिका"
      },
      {
        "id": "617",
        "name": "दंगीशरण गाउँपालिका"
      },
      {
        "id": "618",
        "name": "बबई गाउँपालिका"
      }
    ]
  },
  "54": {
    "name": "प्युठान",
    "municipalities": [
      {
        "id": "226",
        "name": "स्वर्गद्वारी नगरपालिका"
      },
      {
        "id": "227",
        "name": "प्यूठान नगरपालिका"
      },
      {
        "id": "619",
        "name": "माण्डवी गाउँपालिका"
      },
      {
        "id": "620",
        "name": "सरुमारानी गाउँपालिका"
      },
      {
        "id": "621",
        "name": "ऐरावती गाउँपालिका"
      },
      {
        "id": "622",
        "name": "मल्लरानी गाउँपालिका"
      },
      {
        "id": "623",
        "name": "झिमरुक गाउँपालिका"
      },
      {
        "id": "624",
        "name": "नौवहिनी गाउँपालिका"
      },
      {
        "id": "625",
        "name": "गौमुखी गाउँपालिका"
      }
    ]
  },
  "55": {
    "name": "रोल्पा",
    "municipalities": [
      {
        "id": "228",
        "name": "रोल्पा नगरपालिका"
      },
      {
        "id": "626",
        "name": "रुन्टीगढी गाउँपालिका"
      },
      {
        "id": "654",
        "name": "त्रिवेणी गाउँपालिका"
      },
      {
        "id": "628",
        "name": "सुनिल स्मृति गाउँपालिका"
      },
      {
        "id": "629",
        "name": "लुङग्री गाउँपालिका"
      },
      {
        "id": "630",
        "name": "सुनछहरी गाउँपालिका"
      },
      {
        "id": "631",
        "name": "थवाङ गाउँपालिका"
      },
      {
        "id": "632",
        "name": "माडी गाउँपालिका"
      },
      {
        "id": "633",
        "name": "गंगादेव गाउँपालिका"
      },
      {
        "id": "634",
        "name": "परिवर्तन गाउँपालिका"
      }
    ]
  },
  "56": {
    "name": "रुकुम (पूर्व)",
    "municipalities": [
      {
        "id": "635",
        "name": "पुथा उत्तरगंगा गाउँपालिका"
      },
      {
        "id": "636",
        "name": "भूमे गाउँपालिका"
      },
      {
        "id": "637",
        "name": "सिस्ने गाउँपालिका"
      }
    ]
  },
  "57": {
    "name": "बाँके",
    "municipalities": [
      {
        "id": "16",
        "name": "नेपालगंज उपमहानगरपालिका"
      },
      {
        "id": "229",
        "name": "कोहलपुर नगरपालिका"
      },
      {
        "id": "638",
        "name": "राप्ती सोनारी गाउँपालिका"
      },
      {
        "id": "639",
        "name": "नरैनापुर गाउँपालिका"
      },
      {
        "id": "640",
        "name": "डुडुवा गाउँपालिका"
      },
      {
        "id": "748",
        "name": "जानकी गाउँपालिका"
      },
      {
        "id": "642",
        "name": "खजुरा गाउँपालिका"
      },
      {
        "id": "643",
        "name": "बैजनाथ गाउँपालिका"
      }
    ]
  },
  "58": {
    "name": "बर्दिया",
    "municipalities": [
      {
        "id": "230",
        "name": "गुलरिया नगरपालिका"
      },
      {
        "id": "231",
        "name": "राजापुर नगरपालिका"
      },
      {
        "id": "232",
        "name": "मधुवन नगरपालिका"
      },
      {
        "id": "233",
        "name": "ठाकुरबाबा नगरपालिका"
      },
      {
        "id": "234",
        "name": "बाँसगढी नगरपालिका"
      },
      {
        "id": "235",
        "name": "बारबर्दिया नगरपालिका"
      },
      {
        "id": "644",
        "name": "बढैयाताल गाउँपालिका"
      },
      {
        "id": "645",
        "name": "गेरुवा गाउँपालिका"
      }
    ]
  },
  "59": {
    "name": "रुकुम (पश्चिम)",
    "municipalities": [
      {
        "id": "236",
        "name": "आठबिसकोट नगरपालिका"
      },
      {
        "id": "237",
        "name": "मुसिकोट नगरपालिका"
      },
      {
        "id": "238",
        "name": "चौरजहारी नगरपालिका"
      },
      {
        "id": "646",
        "name": "सानी भेरी गाउँपालिका"
      },
      {
        "id": "654",
        "name": "त्रिवेणी गाउँपालिका"
      },
      {
        "id": "648",
        "name": "बाँफिकोट गाउँपालिका"
      }
    ]
  },
  "60": {
    "name": "सल्यान",
    "municipalities": [
      {
        "id": "239",
        "name": "बागचौर नगरपालिका"
      },
      {
        "id": "240",
        "name": "शारदा नगरपालिका"
      },
      {
        "id": "241",
        "name": "बनगाड कुपिण्डे नगरपालिका"
      },
      {
        "id": "649",
        "name": "कुमाख गाउँपालिका"
      },
      {
        "id": "650",
        "name": "कालिमाटी गाउँपालिका"
      },
      {
        "id": "651",
        "name": "छत्रेश्वरी गाउँपालिका"
      },
      {
        "id": "652",
        "name": "दार्मा गाउँपालिका"
      },
      {
        "id": "653",
        "name": "कपुरकोट गाउँपालिका"
      },
      {
        "id": "654",
        "name": "त्रिवेणी गाउँपालिका"
      },
      {
        "id": "655",
        "name": "सिद्ध कुमाख गाउँपालिका"
      }
    ]
  },
  "61": {
    "name": "डोल्पा",
    "municipalities": [
      {
        "id": "242",
        "name": "ठूली भेरी नगरपालिका"
      },
      {
        "id": "243",
        "name": "त्रिपुरासुन्दरी नगरपालिका"
      },
      {
        "id": "656",
        "name": "मुड्केचुला गाउँपालिका"
      },
      {
        "id": "657",
        "name": "काईके गाउँपालिका"
      },
      {
        "id": "658",
        "name": "शे फोक्सुन्डो गाउँपालिका"
      },
      {
        "id": "659",
        "name": "जगदुल्ला गाउँपालिका"
      },
      {
        "id": "660",
        "name": "डोल्पो बुद्ध गाउँपालिका"
      },
      {
        "id": "661",
        "name": "छार्का ताङसोङ गाउँपालिका"
      }
    ]
  },
  "62": {
    "name": "हुम्ला",
    "municipalities": [
      {
        "id": "662",
        "name": "सिमकोट गाउँपालिका"
      },
      {
        "id": "663",
        "name": "सर्केगाड गाउँपालिका"
      },
      {
        "id": "664",
        "name": "अदानचुली गाउँपालिका"
      },
      {
        "id": "665",
        "name": "खार्पुनाथ गाउँपालिका"
      },
      {
        "id": "666",
        "name": "ताँजाकोट गाउँपालिका"
      },
      {
        "id": "667",
        "name": "चंखेली गाउँपालिका"
      },
      {
        "id": "668",
        "name": "नाम्खा गाउँपालिका"
      }
    ]
  },
  "63": {
    "name": "जुम्ला",
    "municipalities": [
      {
        "id": "244",
        "name": "चन्दननाथ नगरपालिका"
      },
      {
        "id": "669",
        "name": "तातोपानी गाउँपालिका"
      },
      {
        "id": "670",
        "name": "पातारासी गाउँपालिका"
      },
      {
        "id": "671",
        "name": "तिला गाउँपालिका"
      },
      {
        "id": "672",
        "name": "कनकासुन्दरी गाउँपालिका"
      },
      {
        "id": "673",
        "name": "सिंजा गाउँपालिका"
      },
      {
        "id": "674",
        "name": "हिमा गाउँपालिका"
      },
      {
        "id": "675",
        "name": "गुठिचौर गाउँपालिका"
      }
    ]
  },
  "64": {
    "name": "कालिकोट",
    "municipalities": [
      {
        "id": "245",
        "name": "खाँडाचक्र नगरपालिका"
      },
      {
        "id": "246",
        "name": "रास्कोट नगरपालिका"
      },
      {
        "id": "247",
        "name": "तिलागुफा नगरपालिका"
      },
      {
        "id": "676",
        "name": "नरहरिनाथ गाउँपालिका"
      },
      {
        "id": "677",
        "name": "पलाता गाउँपालिका"
      },
      {
        "id": "678",
        "name": "शुभ कालीका गाउँपालिका"
      },
      {
        "id": "679",
        "name": "सान्नी त्रिवेणी गाउँपालिका"
      },
      {
        "id": "680",
        "name": "पचालझरना गाउँपालिका"
      },
      {
        "id": "681",
        "name": "महावै गाउँपालिका"
      }
    ]
  },
  "65": {
    "name": "मुगु",
    "municipalities": [
      {
        "id": "248",
        "name": "छायाँनाथ रारा नगरपालिका"
      },
      {
        "id": "682",
        "name": "खत्याड गाउँपालिका"
      },
      {
        "id": "683",
        "name": "सोरु गाउँपालिका"
      },
      {
        "id": "684",
        "name": "मुगुम कार्मारोंग गाउँपालिका"
      }
    ]
  },
  "66": {
    "name": "सुर्खेत",
    "municipalities": [
      {
        "id": "249",
        "name": "गुर्भाकोट नगरपालिका"
      },
      {
        "id": "250",
        "name": "बीरेन्द्रनगर नगरपालिका"
      },
      {
        "id": "251",
        "name": "भेरीगंगा नगरपालिका"
      },
      {
        "id": "252",
        "name": "पञ्चपुरी नगरपालिका"
      },
      {
        "id": "253",
        "name": "लेकवेशी नगरपालिका"
      },
      {
        "id": "685",
        "name": "सिम्ता गाउँपालिका"
      },
      {
        "id": "686",
        "name": "बराहताल गाउँपालिका"
      },
      {
        "id": "687",
        "name": "चौकुने गाउँपालिका"
      },
      {
        "id": "688",
        "name": "चिङ्गाड गाउँपालिका"
      }
    ]
  },
  "67": {
    "name": "दैलेख",
    "municipalities": [
      {
        "id": "255",
        "name": "आठबीस नगरपालिका"
      },
      {
        "id": "256",
        "name": "नारायण नगरपालिका"
      },
      {
        "id": "257",
        "name": "चामुण्डा विन्द्रासैनी नगरपालिका"
      },
      {
        "id": "254",
        "name": "दुल्लु नगरपालिका"
      },
      {
        "id": "689",
        "name": "गुराँस गाउँपालिका"
      },
      {
        "id": "690",
        "name": "भैरवी गाउँपालिका"
      },
      {
        "id": "691",
        "name": "नौमुले गाउँपालिका"
      },
      {
        "id": "692",
        "name": "महावु गाउँपालिका"
      },
      {
        "id": "693",
        "name": "ठाँटीकाँध गाउँपालिका"
      },
      {
        "id": "694",
        "name": "भगवतीमाई गाउँपालिका"
      },
      {
        "id": "695",
        "name": "डुंगेश्वर गाउँपालिका"
      }
    ]
  },
  "68": {
    "name": "जाजरकोट",
    "municipalities": [
      {
        "id": "258",
        "name": "छेडागाड नगरपालिका"
      },
      {
        "id": "259",
        "name": "भेरी नगरपालिका"
      },
      {
        "id": "260",
        "name": "नलगाड नगरपालिका"
      },
      {
        "id": "696",
        "name": "जुनीचाँदे गाउँपालिका"
      },
      {
        "id": "697",
        "name": "कुसे गाउँपालिका"
      },
      {
        "id": "698",
        "name": "बारेकोट गाउँपालिका"
      },
      {
        "id": "699",
        "name": "शिवालय गाउँपालिका"
      }
    ]
  },
  "69": {
    "name": "दार्चुला",
    "municipalities": [
      {
        "id": "261",
        "name": "महाकाली नगरपालिका"
      },
      {
        "id": "262",
        "name": "शैल्यशिखर नगरपालिका"
      },
      {
        "id": "700",
        "name": "नौगाड गाउँपालिका"
      },
      {
        "id": "701",
        "name": "मालिकार्जुन गाउँपालिका"
      },
      {
        "id": "702",
        "name": "मार्मा गाउँपालिका"
      },
      {
        "id": "703",
        "name": "लेकम गाउँपालिका"
      },
      {
        "id": "704",
        "name": "दुहुँ गाउँपालिका"
      },
      {
        "id": "705",
        "name": "ब्याँस गाउँपालिका"
      },
      {
        "id": "706",
        "name": "अपिहिमाल गाउँपालिका"
      }
    ]
  },
  "70": {
    "name": "बझाङ",
    "municipalities": [
      {
        "id": "263",
        "name": "जयपृथ्वी नगरपालिका"
      },
      {
        "id": "264",
        "name": "बुंगल नगरपालिका"
      },
      {
        "id": "707",
        "name": "केदारस्युँ गाउँपालिका"
      },
      {
        "id": "708",
        "name": "थलारा गाउँपालिका"
      },
      {
        "id": "709",
        "name": "वित्थडचिर गाउँपालिका"
      },
      {
        "id": "710",
        "name": "छबिसपाथिभेरा गाउँपालिका"
      },
      {
        "id": "711",
        "name": "खप्तडछान्ना गाउँपालिका"
      },
      {
        "id": "712",
        "name": "मष्टा गाउँपालिका"
      },
      {
        "id": "713",
        "name": "दुर्गाथली गाउँपालिका"
      },
      {
        "id": "714",
        "name": "तलकोट गाउँपालिका"
      },
      {
        "id": "715",
        "name": "सूर्मा गाउँपालिका"
      },
      {
        "id": "716",
        "name": "साइपाल गाउँपालिका"
      }
    ]
  },
  "71": {
    "name": "बाजुरा",
    "municipalities": [
      {
        "id": "265",
        "name": "बडीमालिका नगरपालिका"
      },
      {
        "id": "266",
        "name": "त्रिवेणी नगरपालिका"
      },
      {
        "id": "267",
        "name": "बुढीगंगा नगरपालिका"
      },
      {
        "id": "268",
        "name": "बुढीनन्दा नगरपालिका"
      },
      {
        "id": "717",
        "name": "खप्तड छेडेदह गाउँपालिका"
      },
      {
        "id": "718",
        "name": "स्वामीकार्तिक खापर गाउँपालिका"
      },
      {
        "id": "719",
        "name": "जगन्‍नाथ गाउँपालिका"
      },
      {
        "id": "720",
        "name": "हिमाली गाउँपालिका"
      },
      {
        "id": "721",
        "name": "गौमुल गाउँपालिका"
      }
    ]
  },
  "72": {
    "name": "बैतडी",
    "municipalities": [
      {
        "id": "269",
        "name": "दशरथचन्द नगरपालिका"
      },
      {
        "id": "270",
        "name": "पाटन नगरपालिका"
      },
      {
        "id": "271",
        "name": "मेलौली नगरपालिका"
      },
      {
        "id": "272",
        "name": "पुर्चौडी नगरपालिका"
      },
      {
        "id": "722",
        "name": "दोगडाकेदार गाउँपालिका"
      },
      {
        "id": "723",
        "name": "डीलासैनी गाउँपालिका"
      },
      {
        "id": "724",
        "name": "सिगास गाउँपालिका"
      },
      {
        "id": "725",
        "name": "पञ्चेश्वर गाउँपालिका"
      },
      {
        "id": "726",
        "name": "सुर्नया गाउँपालिका"
      },
      {
        "id": "727",
        "name": "शिवनाथ गाउँपालिका"
      }
    ]
  },
  "73": {
    "name": "डोटी",
    "municipalities": [
      {
        "id": "273",
        "name": "दिपायल सिलगढी नगरपालिका"
      },
      {
        "id": "274",
        "name": "शिखर नगरपालिका"
      },
      {
        "id": "728",
        "name": "आदर्श गाउँपालिका"
      },
      {
        "id": "729",
        "name": "पूर्वीचौकी गाउँपालिका"
      },
      {
        "id": "730",
        "name": "के.आई.सिं. गाउँपालिका"
      },
      {
        "id": "731",
        "name": "जोरायल गाउँपालिका"
      },
      {
        "id": "732",
        "name": "सायल गाउँपालिका"
      },
      {
        "id": "733",
        "name": "बोगटान फुड्सिल गाउँपालिका"
      },
      {
        "id": "734",
        "name": "बडीकेदार गाउँपालिका"
      }
    ]
  },
  "74": {
    "name": "अछाम",
    "municipalities": [
      {
        "id": "275",
        "name": "मंगलसेन नगरपालिका"
      },
      {
        "id": "276",
        "name": "कमलबजार नगरपालिका"
      },
      {
        "id": "277",
        "name": "साँफेबगर नगरपालिका"
      },
      {
        "id": "278",
        "name": "पन्चदेवल विनायक नगरपालिका"
      },
      {
        "id": "735",
        "name": "रामारोशन गाउँपालिका"
      },
      {
        "id": "736",
        "name": "चौरपाटी गाउँपालिका"
      },
      {
        "id": "737",
        "name": "तुर्माखाँद गाउँपालिका"
      },
      {
        "id": "738",
        "name": "मेल्लेख गाउँपालिका"
      },
      {
        "id": "739",
        "name": "ढकारी गाउँपालिका"
      },
      {
        "id": "740",
        "name": "बान्निगढी जयगढ गाउँपालिका"
      }
    ]
  },
  "75": {
    "name": "डडेलधुरा",
    "municipalities": [
      {
        "id": "279",
        "name": "अमरगढी नगरपालिका"
      },
      {
        "id": "280",
        "name": "परशुराम नगरपालिका"
      },
      {
        "id": "741",
        "name": "नवदुर्गा गाउँपालिका"
      },
      {
        "id": "742",
        "name": "आलिताल गाउँपालिका"
      },
      {
        "id": "743",
        "name": "गन्यापधुरा गाउँपालिका"
      },
      {
        "id": "744",
        "name": "भागेश्वर गाउँपालिका"
      },
      {
        "id": "745",
        "name": "अजयमेरु गाउँपालिका"
      }
    ]
  },
  "76": {
    "name": "कञ्चनपुर",
    "municipalities": [
      {
        "id": "286",
        "name": "बेलौरी नगरपालिका"
      },
      {
        "id": "287",
        "name": "कृष्णपुर नगरपालिका"
      },
      {
        "id": "281",
        "name": "भीमदत्त नगरपालिका"
      },
      {
        "id": "282",
        "name": "पुर्नवास नगरपालिका"
      },
      {
        "id": "283",
        "name": "वेदकोट नगरपालिका"
      },
      {
        "id": "284",
        "name": "माहाकाली नगरपालिका"
      },
      {
        "id": "285",
        "name": "शुक्लाफाँटा नगरपालिका"
      },
      {
        "id": "746",
        "name": "लालझाडी गाउँपालिका"
      },
      {
        "id": "747",
        "name": "बेलडाडी गाउँपालिका"
      }
    ]
  },
  "77": {
    "name": "कैलाली",
    "municipalities": [
      {
        "id": "17",
        "name": "धनगढी उपमहानगरपालिका"
      },
      {
        "id": "288",
        "name": "टिकापुर नगरपालिका"
      },
      {
        "id": "289",
        "name": "घोडाघोडी नगरपालिका"
      },
      {
        "id": "290",
        "name": "लम्कीचुहा नगरपालिका"
      },
      {
        "id": "291",
        "name": "भजनी नगरपालिका"
      },
      {
        "id": "292",
        "name": "गोदावरी नगरपालिका"
      },
      {
        "id": "293",
        "name": "गौरीगंगा नगरपालिका"
      },
      {
        "id": "748",
        "name": "जानकी गाउँपालिका"
      },
      {
        "id": "749",
        "name": "कैलारी गाउँपालिका"
      },
      {
        "id": "750",
        "name": "जोशीपुर गाउँपालिका"
      },
      {
        "id": "751",
        "name": "बर्दगोरिया गाउँपालिका"
      },
      {
        "id": "752",
        "name": "मोहन्याल गाउँपालिका"
      },
      {
        "id": "753",
        "name": "चुरे गाउँपालिका"
      }
    ]
  }
}
